groupe,test,id_sujet,id_subject,back_1_level,back_2_level,oxford,typing_speed,age,Pre_motiv,Mem_diffic,Transc_diffic,Quest_diffic,Fatigue,Recommencer,Comprehension,wm_pre,wm_post,erreurs,reformulation,non_transc
contrôle,nback,39.2,39.2,2.5,5.6,11.5,5.1,25.3,84.7,58,36.7,36,41,54,0.7875,0.8071428571428573,0.7833333333333333,0,0,0
contrôle,rspan,38.55555555555556,38.55555555555556,0,0,12.333333333333334,15.11111111111111,21.88888888888889,83.88888888888889,65.66666666666667,36.888888888888886,28,59.666666666666664,49.666666666666664,0.7291666666666666,0.7965555555555556,0.7582222222222222,0,0,0
epuisement,nback,12.4,12.4,1.6,4.2,15.1,53.8,27.3,86.1,32.4,75.1,59,68.7,29.9,0.60625,0.7642857142857142,0.780952380952381,84.3,125.6,563.2
epuisement,rspan,15,15,0.16666666666666666,0.16666666666666666,14.916666666666666,46.833333333333336,25.916666666666668,78.33333333333333,60.75,69.66666666666667,49,72.83333333333333,38.083333333333336,0.6822916666666666,0.7879166666666666,0.76975,66.75,68.16666666666667,428.5833333333333
